Redirect 301 /home/how_help/how_help.shtml /how-you-can-help
Redirect 301 /home/how_help/membership.shtml /how-you-can-help/become-member
Redirect 301 /home/how_help/volunteers.shtml /how-you-can-help/become-volunteer
Redirect 301 /home/how_help/stewards.shtml /how-you-can-help/become-steward
Redirect 301 /home/how_help/emissary.shtml /how-you-can-help/become-emissary
Redirect 301 /mnastore/agora.cgi?cart_id=204.21512&product=Contribute /product/contribute
Redirect 301 /home/how_help/land_becomes_sanctuary.shtml /how-you-can-help/donate-property
Redirect 301 /home/how_help/endowments.shtml /how-you-can-help/create-endowment
Redirect 301 /home/how_help/communityfoundations.shtml /how-you-can-help/community-foundations
Redirect 301 /home/how_help/plannedgiving.shtml /how-you-can-help/planned-giving
Redirect 301 /home/how_help/dw2.shtml /sanctuaries/dowagiac-woods
Redirect 301 /home/how_help/genevievecasey.shtml /sanctuaries/genevieve-casey
Redirect 301 /home/how_help/mysteryvalley.shtml /sanctuaries/mystery-valley
Redirect 301 /home/how_help/roachpoint.shtml /sanctuaries/roach-point
Redirect 301 /home/about/history.shtml /about-mna/history
Redirect 301 /home/about/mission.shtml /about-mna/mission
Redirect 301 /home/about/contact.shtml /about-mna/contact-us
Redirect 301 /home/about/staff.shtml /about-mna/mna-staff
Redirect 301 /home/about/trustees.shtml /about-of-mna/
Redirect 301 /home/sancts/sancts.shtml /sanctuaries
Redirect 301 /home/sancts/countylist.shtml /sanctuaries/list-by-county
Redirect 301 /home/sancts/policy.shtml /sanctuaries/visitation-policies
Redirect 301 /home/sancts/classes.shtml /sanctuaries/sanctuary-classification
Redirect 301 /home/news/news_main.shtml /news
Redirect 301 /home/news/newsletters/* /news/mna-quarterly-newsletter
Redirect 301 /home/education/education.shtml /education
Redirect 301 /home/education/lessonplans.shtml /education/sanctuary-activities
Redirect 301 /home/education/onlineactivities.shtml /education/online-activities
Redirect 301 /home/education/curriculums.shtml /education/environmental-curriculum
Redirect 301 /home/education/wetland.shtml /education/wetlands
Redirect 301 /home/education/aquaticanimals.shtml /education/invasive-aquatic-animals
Redirect 301 /home/education/aquaticplants.shtml /education/invasive-aquatic-plants
Redirect 301 /home/education/landplants.shtml /education/terrestrial-plants
Redirect 301 /home/education/landanimals.shtml /education/terrestrial-animals
Redirect 301 /home/education/specialanimals.shtml /education/special-michigan-animal-species
Redirect 301 /home/education/specialplants.shtml /education/special-michigan-plant-species
Redirect 301 /home/education/links.shtml /education/environmental-organizations-and-links